file,sha256,bytes
local-test-independent.patch,1dc99a90ef023e83f799c09ad919ba8c4bdf5cbeea4e7eab5aa72f55fe4aee2f,2766
review-A.md,2f187c4517d751c045f43b0cd73f83a025427027d309602a4eaed25a03607bb7,47418
review-B.md,f86140ef8b22d5f2b26824dc6afb163c278c7455462e5e5a93450ce94b94cab1,60088
review-C.md,22a25ed70acb9078e988e6f8dcd760d39d2d8411a5bfd31d6fbc5807a7a65d29,62109
review-D.md,e51794a4766ac4579def542bd841bfc0c620270c8427c15b5b380f28358bca7c,45239
survey-1-core.md,4687f680f72db4ae8f4bfa6b38924e63b16b66c6a66e03dc06bda4ae32d08bdf,44581
survey-2-extractors.md,9f20a9d06763b024c681b467934574461d914cc24b1a07372a28e364452a7ad2,40147
survey-3-compose.md,e0d1dfc6d27145092cbe5ac8454d38001245503315df1d2fab8ef22107939210,55211
survey-4-validate-effects.md,7a39d0f40ab2bd132db9283d7035bbe90c435ec1990ad84bba0d0a2ff20c1407,45250
survey-5-tests-ci.md,c310014d7e0feae2f88f48792d752ce93cdf1ada59c9540e27daecb53689e799,38408
survey-6-docs-data.md,2f8bd6b35b35092b25daf06df0501cdae8200e2b54a31e7045922021ac1ff395,48484
