commit,bundle,manifest_state,dimension,pre,post,changed
ef2ee5e1,aspose-cells-foss__Aspose.Cells-FOSS-for-Go,READY_FOR_PROPOSAL,BC-04,PASS:4f53cda18c2b,FAIL:f69bfda9e6a8,1
ef2ee5e1,aspose-cells-foss__Aspose.Cells-FOSS-for-Rust,READY_FOR_PROPOSAL,BC-04,PASS:4f53cda18c2b,FAIL:de26256784d9,1
ef2ee5e1,aspose-cells-foss__Aspose.Cells-FOSS-for-TypeScript,READY_FOR_PROPOSAL,BC-04,PASS:4f53cda18c2b,FAIL:e9a1f79269b6,1
ef2ee5e1,aspose-email-foss__Aspose.Email-FOSS-for-Cpp,READY_FOR_PROPOSAL,BC-04,PASS:4f53cda18c2b,FAIL:13007b7f9eb9,1
ef2ee5e1,aspose-pdf-foss__Aspose-PDF-FOSS-for-Go,READY_FOR_PROPOSAL,BC-04,PASS:4f53cda18c2b,FAIL:2732e4a9d79e,1
48201b67,aspose-3d-foss__Aspose.3D-FOSS-for-.NET,READY_FOR_PROPOSAL,BC-04,PASS:4f53cda18c2b,FAIL:a773252369e2,1
48201b67,aspose-3d-foss__Aspose.3D-FOSS-for-.NET,READY_FOR_PROPOSAL,BC-06,FAIL:5503b180df60,FAIL:822bdeea6228,1
48201b67,aspose-3d-foss__Aspose.3D-FOSS-for-.NET,READY_FOR_PROPOSAL,BC-12,(absent),FAIL:cd9025bda425,1
48201b67,aspose-3d-foss__Aspose.3D-FOSS-for-Java,READY_FOR_PROPOSAL,BC-04,PASS:4f53cda18c2b,FAIL:a773252369e2,1
48201b67,aspose-3d-foss__Aspose.3D-FOSS-for-Java,READY_FOR_PROPOSAL,BC-06,FAIL:557c354a43d1,FAIL:fa81aa1c1f56,1
48201b67,aspose-3d-foss__Aspose.3D-FOSS-for-Python,READY_FOR_PROPOSAL,BC-04,FAIL:cd80e1520e57,FAIL:1e23c8ef4b64,1
48201b67,aspose-3d-foss__Aspose.3D-FOSS-for-Python,READY_FOR_PROPOSAL,BC-06,FAIL:b77e8c1eeafa,FAIL:65a12d411008,1
48201b67,aspose-cells-foss__Aspose.Cells-FOSS-for-.NET,READY_FOR_PROPOSAL,BC-04,PASS:4f53cda18c2b,FAIL:a773252369e2,1
48201b67,aspose-cells-foss__Aspose.Cells-FOSS-for-.NET,READY_FOR_PROPOSAL,BC-06,FAIL:0ce9a463f8c9,FAIL:5ff4bc5fd87a,1
48201b67,aspose-cells-foss__Aspose.Cells-FOSS-for-TypeScript,READY_FOR_PROPOSAL,BC-04,FAIL:e9a1f79269b6,FAIL:549b9c36b09e,1
48201b67,aspose-cells-foss__Aspose.Cells-FOSS-for-TypeScript,READY_FOR_PROPOSAL,BC-06,FAIL:30ddb1917597,FAIL:a8f9d8f2660c,1
48201b67,aspose-email-foss__Aspose.Email-FOSS-for-.Net,READY_FOR_PROPOSAL,BC-04,PASS:4f53cda18c2b,FAIL:a773252369e2,1
48201b67,aspose-email-foss__Aspose.Email-FOSS-for-.Net,READY_FOR_PROPOSAL,BC-06,FAIL:236dc77d703b,FAIL:11da21fdbf16,1
48201b67,aspose-email-foss__Aspose.Email-FOSS-for-Cpp,READY_FOR_PROPOSAL,BC-04,FAIL:11ec37b405a8,FAIL:8c461c22514e,1
48201b67,aspose-email-foss__Aspose.Email-FOSS-for-Cpp,READY_FOR_PROPOSAL,BC-06,FAIL:cf7847b8214d,FAIL:9298a6d38497,1
48201b67,aspose-email-foss__Aspose.Email-FOSS-for-Python,READY_FOR_PROPOSAL,BC-04,FAIL:76ea29d9d2a6,FAIL:2c0a2744e485,1
48201b67,aspose-email-foss__Aspose.Email-FOSS-for-Python,READY_FOR_PROPOSAL,BC-06,FAIL:43e7879581c9,FAIL:a586b2f7cdd2,1
48201b67,aspose-html-foss__Aspose.HTML-FOSS-for-Python,READY_FOR_PROPOSAL,BC-04,FAIL:b6d4ac18ef92,FAIL:00047442324b,1
48201b67,aspose-html-foss__Aspose.HTML-FOSS-for-Python,READY_FOR_PROPOSAL,BC-06,FAIL:f32981703fb9,FAIL:f3273372492b,1
48201b67,aspose-page-foss__Aspose.Page-FOSS-for-Python,READY_FOR_PROPOSAL,BC-04,FAIL:c8c522c06a67,FAIL:c13df5d5089e,1
48201b67,aspose-page-foss__Aspose.Page-FOSS-for-Python,READY_FOR_PROPOSAL,BC-06,FAIL:b5916740c053,FAIL:a57fdae24efd,1
48201b67,aspose-pdf-foss__Aspose-PDF-FOSS-for-Go,READY_FOR_PROPOSAL,BC-04,FAIL:d4651bdb99aa,FAIL:8541f9b82539,1
48201b67,aspose-pdf-foss__Aspose-PDF-FOSS-for-Go,READY_FOR_PROPOSAL,BC-06,FAIL:36e7129eb240,FAIL:962f8e5b5859,1
48201b67,aspose-pdf-foss__Aspose.PDF-FOSS-for-.NET,READY_FOR_PROPOSAL,BC-04,FAIL:f98020b7aa32,FAIL:6774f0cd85ed,1
48201b67,aspose-pdf-foss__Aspose.PDF-FOSS-for-.NET,READY_FOR_PROPOSAL,BC-06,FAIL:625441c8071e,FAIL:81ca7d7e06e9,1
48201b67,aspose-pdf-foss__Aspose.PDF-FOSS-for-Cpp,READY_FOR_PROPOSAL,BC-04,FAIL:3c68cfd10f26,FAIL:131d7fc4df28,1
48201b67,aspose-pdf-foss__Aspose.PDF-FOSS-for-Cpp,READY_FOR_PROPOSAL,BC-06,FAIL:552636f1309e,FAIL:7cc53fc403b2,1
48201b67,aspose-pdf-foss__Aspose.PDF-FOSS-for-Java,READY_FOR_PROPOSAL,BC-04,FAIL:769171393c2b,FAIL:1a9f8c6c2904,1
48201b67,aspose-pdf-foss__Aspose.PDF-FOSS-for-Java,READY_FOR_PROPOSAL,BC-06,FAIL:9c31740276d2,FAIL:5185ca0f1ce5,1
48201b67,aspose-slides-foss__Aspose.Slides-FOSS-for-.NET,READY_FOR_PROPOSAL,BC-12,(absent),FAIL:2ad6bdb8b5ae,1
48201b67,aspose-slides-foss__Aspose.Slides-FOSS-for-Cpp,READY_FOR_PROPOSAL,BC-04,FAIL:0d9232114661,FAIL:18d973508fdb,1
48201b67,aspose-slides-foss__Aspose.Slides-FOSS-for-Cpp,READY_FOR_PROPOSAL,BC-06,FAIL:36c9aab606ab,FAIL:a2fda08cb4fb,1
48201b67,aspose-slides-foss__Aspose.Slides-FOSS-for-Cpp,READY_FOR_PROPOSAL,BC-12,(absent),FAIL:fbc867495ecc,1
48201b67,aspose-words-foss__Aspose.Words-FOSS-for-.NET,READY_FOR_PROPOSAL,BC-04,PASS:4f53cda18c2b,FAIL:f1bf19b6a4cb,1
48201b67,aspose-words-foss__Aspose.Words-FOSS-for-.NET,READY_FOR_PROPOSAL,BC-06,FAIL:9e3ad31c8bad,FAIL:81b6bd09ed29,1
761f3b30,aspose-3d-foss__Aspose.3D-FOSS-for-.NET,READY_FOR_PROPOSAL,render,f6e97a859976,2f1d2f413fee,1
761f3b30,aspose-3d-foss__Aspose.3D-FOSS-for-.NET,READY_FOR_PROPOSAL,BC-06,PASS:4f53cda18c2b,FAIL:5503b180df60,1
761f3b30,aspose-3d-foss__Aspose.3D-FOSS-for-Java,READY_FOR_PROPOSAL,render,69d7fc9a3a25,2d145bec0731,1
761f3b30,aspose-3d-foss__Aspose.3D-FOSS-for-Java,READY_FOR_PROPOSAL,BC-06,PASS:4f53cda18c2b,FAIL:557c354a43d1,1
761f3b30,aspose-3d-foss__Aspose.3D-FOSS-for-Python,READY_FOR_PROPOSAL,render,c68d48a2789e,49db7a2c8d39,1
761f3b30,aspose-3d-foss__Aspose.3D-FOSS-for-Python,READY_FOR_PROPOSAL,BC-06,PASS:4f53cda18c2b,FAIL:b77e8c1eeafa,1
761f3b30,aspose-cells-foss__Aspose.Cells-FOSS-for-.NET,READY_FOR_PROPOSAL,render,209da5285e0b,d69dcb98ad43,1
761f3b30,aspose-cells-foss__Aspose.Cells-FOSS-for-.NET,READY_FOR_PROPOSAL,BC-06,PASS:4f53cda18c2b,FAIL:0ce9a463f8c9,1
761f3b30,aspose-cells-foss__Aspose.Cells-FOSS-for-Cpp,READY_FOR_PROPOSAL,render,a42d2115573a,2311ae3068c2,1
761f3b30,aspose-cells-foss__Aspose.Cells-FOSS-for-Cpp,READY_FOR_PROPOSAL,BC-06,PASS:4f53cda18c2b,FAIL:9fb099a16323,1
761f3b30,aspose-cells-foss__Aspose.Cells-FOSS-for-Go,READY_FOR_PROPOSAL,render,5809e591b211,050883f9512d,1
761f3b30,aspose-cells-foss__Aspose.Cells-FOSS-for-Java,READY_FOR_PROPOSAL,render,5a3380ff5f57,c14239014f22,1
761f3b30,aspose-cells-foss__Aspose.Cells-FOSS-for-Java,READY_FOR_PROPOSAL,BC-06,PASS:4f53cda18c2b,FAIL:9efb2e384bd7,1
761f3b30,aspose-cells-foss__Aspose.Cells-FOSS-for-Rust,READY_FOR_PROPOSAL,render,73fd62a4fd3a,74b0c9fa0307,1
761f3b30,aspose-cells-foss__Aspose.Cells-FOSS-for-Rust,READY_FOR_PROPOSAL,BC-06,PASS:4f53cda18c2b,FAIL:30ddb1917597,1
761f3b30,aspose-cells-foss__Aspose.Cells-FOSS-for-Rust,READY_FOR_PROPOSAL,BC-07,PASS:4f53cda18c2b,FAIL:84259b0f9f5a,1
761f3b30,aspose-cells-foss__Aspose.Cells-FOSS-for-TypeScript,READY_FOR_PROPOSAL,render,e0298868fd78,17a6ba4a293e,1
761f3b30,aspose-cells-foss__Aspose.Cells-FOSS-for-TypeScript,READY_FOR_PROPOSAL,BC-06,PASS:4f53cda18c2b,FAIL:30ddb1917597,1
761f3b30,aspose-email-foss__Aspose.Email-FOSS-for-.Net,READY_FOR_PROPOSAL,render,e6b01f8f3401,d563265b0129,1
761f3b30,aspose-email-foss__Aspose.Email-FOSS-for-.Net,READY_FOR_PROPOSAL,BC-06,PASS:4f53cda18c2b,FAIL:236dc77d703b,1
761f3b30,aspose-email-foss__Aspose.Email-FOSS-for-Cpp,READY_FOR_PROPOSAL,render,fc092b6aaab9,5bc96177b71d,1
761f3b30,aspose-email-foss__Aspose.Email-FOSS-for-Cpp,READY_FOR_PROPOSAL,BC-06,PASS:4f53cda18c2b,FAIL:cf7847b8214d,1
761f3b30,aspose-email-foss__Aspose.Email-FOSS-for-Cpp,READY_FOR_PROPOSAL,BC-07,PASS:4f53cda18c2b,FAIL:6381876d7d34,1
761f3b30,aspose-email-foss__Aspose.Email-FOSS-for-Python,READY_FOR_PROPOSAL,render,015cae254865,23a056eec4b0,1
761f3b30,aspose-email-foss__Aspose.Email-FOSS-for-Python,READY_FOR_PROPOSAL,BC-06,PASS:4f53cda18c2b,FAIL:43e7879581c9,1
761f3b30,aspose-html-foss__Aspose.HTML-FOSS-for-Python,READY_FOR_PROPOSAL,render,32a3a87493c3,3a25c5af352d,1
761f3b30,aspose-html-foss__Aspose.HTML-FOSS-for-Python,READY_FOR_PROPOSAL,BC-06,PASS:4f53cda18c2b,FAIL:f32981703fb9,1
761f3b30,aspose-imaging-foss__Aspose.Imaging-FOSS-for-.NET,READY_FOR_PROPOSAL,render,775d25b7faa9,bd0b086009eb,1
761f3b30,aspose-imaging-foss__Aspose.Imaging-FOSS-for-.NET,READY_FOR_PROPOSAL,BC-06,PASS:4f53cda18c2b,FAIL:e8941f207131,1
761f3b30,aspose-imaging-foss__Aspose.Imaging-FOSS-for-.NET,READY_FOR_PROPOSAL,BC-07,PASS:4f53cda18c2b,FAIL:d6f97815450c,1
761f3b30,aspose-note-foss__Aspose.Note-FOSS-for-Python,READY_FOR_PROPOSAL,render,c9c9810e0c5a,bdefdcd2dd41,1
761f3b30,aspose-note-foss__Aspose.Note-FOSS-for-Python,READY_FOR_PROPOSAL,BC-06,PASS:4f53cda18c2b,FAIL:310c84805e17,1
761f3b30,aspose-note-foss__Aspose.Note-FOSS-for-Python,READY_FOR_PROPOSAL,BC-07,PASS:4f53cda18c2b,FAIL:f4186f80e55f,1
761f3b30,aspose-page-foss__Aspose.Page-FOSS-for-Python,READY_FOR_PROPOSAL,render,05fb7a4053d2,17faa13a04c6,1
761f3b30,aspose-page-foss__Aspose.Page-FOSS-for-Python,READY_FOR_PROPOSAL,BC-06,PASS:4f53cda18c2b,FAIL:b5916740c053,1
761f3b30,aspose-pdf-foss__Aspose-PDF-FOSS-for-Go,READY_FOR_PROPOSAL,render,63254ee705a9,4e27b7fedc37,1
761f3b30,aspose-pdf-foss__Aspose-PDF-FOSS-for-Go,READY_FOR_PROPOSAL,BC-06,PASS:4f53cda18c2b,FAIL:36e7129eb240,1
761f3b30,aspose-pdf-foss__Aspose-PDF-FOSS-for-Go,READY_FOR_PROPOSAL,BC-07,PASS:4f53cda18c2b,FAIL:158d9e182d65,1
761f3b30,aspose-pdf-foss__Aspose-PDF-FOSS-for-Python,READY_FOR_PROPOSAL,render,b29f107530c9,66ecc903ae07,1
761f3b30,aspose-pdf-foss__Aspose-PDF-FOSS-for-Python,READY_FOR_PROPOSAL,BC-07,PASS:4f53cda18c2b,FAIL:158d9e182d65,1
761f3b30,aspose-pdf-foss__Aspose.PDF-FOSS-for-.NET,READY_FOR_PROPOSAL,render,7c2cbbcc61fa,a5f04336a556,1
761f3b30,aspose-pdf-foss__Aspose.PDF-FOSS-for-.NET,READY_FOR_PROPOSAL,BC-06,PASS:4f53cda18c2b,FAIL:625441c8071e,1
761f3b30,aspose-pdf-foss__Aspose.PDF-FOSS-for-.NET,READY_FOR_PROPOSAL,BC-07,PASS:4f53cda18c2b,FAIL:158d9e182d65,1
761f3b30,aspose-pdf-foss__Aspose.PDF-FOSS-for-Cpp,READY_FOR_PROPOSAL,render,cb3986bca09d,ea23953a52bc,1
761f3b30,aspose-pdf-foss__Aspose.PDF-FOSS-for-Cpp,READY_FOR_PROPOSAL,BC-06,PASS:4f53cda18c2b,FAIL:552636f1309e,1
761f3b30,aspose-pdf-foss__Aspose.PDF-FOSS-for-Cpp,READY_FOR_PROPOSAL,BC-07,PASS:4f53cda18c2b,FAIL:158d9e182d65,1
761f3b30,aspose-pdf-foss__Aspose.PDF-FOSS-for-Java,READY_FOR_PROPOSAL,render,c6b2545e347e,02ffe32be825,1
761f3b30,aspose-pdf-foss__Aspose.PDF-FOSS-for-Java,READY_FOR_PROPOSAL,BC-06,PASS:4f53cda18c2b,FAIL:9c31740276d2,1
761f3b30,aspose-pdf-foss__Aspose.PDF-FOSS-for-Java,READY_FOR_PROPOSAL,BC-07,PASS:4f53cda18c2b,FAIL:158d9e182d65,1
761f3b30,aspose-slides-foss__Aspose.Slides-FOSS-for-.NET,READY_FOR_PROPOSAL,render,723bfcec2e45,77aacba2c574,1
761f3b30,aspose-slides-foss__Aspose.Slides-FOSS-for-.NET,READY_FOR_PROPOSAL,BC-06,PASS:4f53cda18c2b,FAIL:8eae154dd713,1
761f3b30,aspose-slides-foss__Aspose.Slides-FOSS-for-.NET,READY_FOR_PROPOSAL,BC-07,PASS:4f53cda18c2b,FAIL:0d8122d6f532,1
761f3b30,aspose-slides-foss__Aspose.Slides-FOSS-for-Cpp,READY_FOR_PROPOSAL,render,27d3f41c32e8,a1ffc1a256c4,1
761f3b30,aspose-slides-foss__Aspose.Slides-FOSS-for-Cpp,READY_FOR_PROPOSAL,BC-06,PASS:4f53cda18c2b,FAIL:36c9aab606ab,1
761f3b30,aspose-slides-foss__Aspose.Slides-FOSS-for-Java,VALID_UPDATE_AVAILABLE,render,143ada6291cd,d6a50baa9cb0,1
761f3b30,aspose-slides-foss__Aspose.Slides-FOSS-for-Java,VALID_UPDATE_AVAILABLE,BC-06,PASS:4f53cda18c2b,FAIL:06f6b5ceda52,1
761f3b30,aspose-words-foss__Aspose.Words-FOSS-for-.NET,READY_FOR_PROPOSAL,render,cad550547b60,cd29a78f8289,1
761f3b30,aspose-words-foss__Aspose.Words-FOSS-for-.NET,READY_FOR_PROPOSAL,BC-06,PASS:4f53cda18c2b,FAIL:9e3ad31c8bad,1
761f3b30,aspose-words-foss__Aspose.Words-FOSS-for-.NET,READY_FOR_PROPOSAL,BC-07,PASS:4f53cda18c2b,FAIL:93d9d5ccdb6d,1
761f3b30,aspose-words-foss__Aspose.Words-FOSS-for-Python,READY_FOR_PROPOSAL,render,377ebc48ab16,43c85e75fbdf,1
761f3b30,aspose-words-foss__Aspose.Words-FOSS-for-Python,READY_FOR_PROPOSAL,BC-07,PASS:4f53cda18c2b,FAIL:16a92d5dac7e,1
ce355281,aspose-cells-foss__Aspose.Cells-FOSS-for-Java,READY_FOR_PROPOSAL,BC-04,PASS:4f53cda18c2b,FAIL:c65d0675eb73,1
ce355281,aspose-email-foss__Aspose.Email-FOSS-for-Cpp,READY_FOR_PROPOSAL,BC-04,PASS:4f53cda18c2b,FAIL:11ec37b405a8,1
ce355281,aspose-email-foss__Aspose.Email-FOSS-for-Python,READY_FOR_PROPOSAL,BC-04,PASS:4f53cda18c2b,FAIL:76ea29d9d2a6,1
ce355281,aspose-html-foss__Aspose.HTML-FOSS-for-Python,READY_FOR_PROPOSAL,BC-04,PASS:4f53cda18c2b,FAIL:b6d4ac18ef92,1
ce355281,aspose-note-foss__Aspose.Note-FOSS-for-Python,READY_FOR_PROPOSAL,BC-04,PASS:4f53cda18c2b,FAIL:3c1eb5aa37de,1
ce355281,aspose-page-foss__Aspose.Page-FOSS-for-Python,READY_FOR_PROPOSAL,BC-04,PASS:4f53cda18c2b,FAIL:c8c522c06a67,1
ce355281,aspose-pdf-foss__Aspose-PDF-FOSS-for-Go,READY_FOR_PROPOSAL,BC-04,FAIL:2732e4a9d79e,FAIL:d4651bdb99aa,1
ce355281,aspose-pdf-foss__Aspose-PDF-FOSS-for-Python,READY_FOR_PROPOSAL,BC-04,PASS:4f53cda18c2b,FAIL:3e4bc1a0e425,1
ce355281,aspose-pdf-foss__Aspose.PDF-FOSS-for-.NET,READY_FOR_PROPOSAL,BC-04,PASS:4f53cda18c2b,FAIL:f98020b7aa32,1
ce355281,aspose-pdf-foss__Aspose.PDF-FOSS-for-Cpp,READY_FOR_PROPOSAL,BC-04,PASS:4f53cda18c2b,FAIL:3c68cfd10f26,1
ce355281,aspose-pdf-foss__Aspose.PDF-FOSS-for-Java,READY_FOR_PROPOSAL,BC-04,PASS:4f53cda18c2b,FAIL:769171393c2b,1
ce355281,aspose-slides-foss__Aspose.Slides-FOSS-for-Cpp,READY_FOR_PROPOSAL,BC-04,PASS:4f53cda18c2b,FAIL:0d9232114661,1
ce355281,aspose-slides-foss__Aspose.Slides-FOSS-for-Java,VALID_UPDATE_AVAILABLE,BC-04,PASS:4f53cda18c2b,FAIL:9444d5b13996,1
ce355281,aspose-words-foss__Aspose.Words-FOSS-for-Python,READY_FOR_PROPOSAL,BC-04,PASS:4f53cda18c2b,FAIL:e6429e8cb8ca,1
38defe4f,aspose-3d-foss__Aspose.3D-FOSS-for-.NET,READY_FOR_PROPOSAL,BC-04,FAIL:a773252369e2,FAIL:ee9f5fc0e17f,1
38defe4f,aspose-3d-foss__Aspose.3D-FOSS-for-Python,READY_FOR_PROPOSAL,BC-04,FAIL:1e23c8ef4b64,FAIL:58759d0e4404,1
38defe4f,aspose-cells-foss__Aspose.Cells-FOSS-for-.NET,READY_FOR_PROPOSAL,BC-04,FAIL:a773252369e2,FAIL:9ecb97cd7f28,1
38defe4f,aspose-cells-foss__Aspose.Cells-FOSS-for-Cpp,READY_FOR_PROPOSAL,BC-04,PASS:4f53cda18c2b,FAIL:dd196d2be444,1
38defe4f,aspose-cells-foss__Aspose.Cells-FOSS-for-Java,READY_FOR_PROPOSAL,BC-04,FAIL:c65d0675eb73,FAIL:c16175f3e708,1
38defe4f,aspose-cells-foss__Aspose.Cells-FOSS-for-Rust,READY_FOR_PROPOSAL,BC-04,FAIL:de26256784d9,FAIL:a1eae13893c1,1
38defe4f,aspose-email-foss__Aspose.Email-FOSS-for-.Net,READY_FOR_PROPOSAL,BC-04,FAIL:a773252369e2,FAIL:d99ec2173dc6,1
38defe4f,aspose-email-foss__Aspose.Email-FOSS-for-Cpp,READY_FOR_PROPOSAL,BC-04,FAIL:8c461c22514e,FAIL:9931d5bb4443,1
38defe4f,aspose-email-foss__Aspose.Email-FOSS-for-Python,READY_FOR_PROPOSAL,BC-04,FAIL:2c0a2744e485,FAIL:982663a16adb,1
38defe4f,aspose-html-foss__Aspose.HTML-FOSS-for-Python,READY_FOR_PROPOSAL,BC-04,FAIL:00047442324b,FAIL:cfc79b86069a,1
38defe4f,aspose-imaging-foss__Aspose.Imaging-FOSS-for-.NET,READY_FOR_PROPOSAL,BC-04,PASS:4f53cda18c2b,FAIL:71f0b105f9d8,1
38defe4f,aspose-note-foss__Aspose.Note-FOSS-for-Python,READY_FOR_PROPOSAL,BC-04,FAIL:3c1eb5aa37de,FAIL:8b79fc7befa5,1
38defe4f,aspose-pdf-foss__Aspose-PDF-FOSS-for-Go,READY_FOR_PROPOSAL,BC-04,FAIL:8541f9b82539,FAIL:0247eba4d607,1
38defe4f,aspose-pdf-foss__Aspose.PDF-FOSS-for-Cpp,READY_FOR_PROPOSAL,BC-04,FAIL:131d7fc4df28,FAIL:4b37bda466e8,1
38defe4f,aspose-pdf-foss__Aspose.PDF-FOSS-for-Java,READY_FOR_PROPOSAL,BC-04,FAIL:1a9f8c6c2904,FAIL:6e7820cccbbc,1
38defe4f,aspose-slides-foss__Aspose.Slides-FOSS-for-.NET,READY_FOR_PROPOSAL,BC-04,PASS:4f53cda18c2b,FAIL:be6d96b07c49,1
38defe4f,aspose-slides-foss__Aspose.Slides-FOSS-for-Cpp,READY_FOR_PROPOSAL,BC-04,FAIL:18d973508fdb,FAIL:1e799e342432,1
38defe4f,aspose-slides-foss__Aspose.Slides-FOSS-for-Java,VALID_UPDATE_AVAILABLE,BC-04,FAIL:9444d5b13996,FAIL:262f6796330c,1
38defe4f,aspose-words-foss__Aspose.Words-FOSS-for-.NET,READY_FOR_PROPOSAL,BC-04,FAIL:f1bf19b6a4cb,FAIL:28ee414850e2,1
65b96971,aspose-3d-foss__Aspose.3D-FOSS-for-Java,READY_FOR_PROPOSAL,BC-05,PASS:4f53cda18c2b,FAIL:294f85d63e95,1
65b96971,aspose-cells-foss__Aspose.Cells-FOSS-for-.NET,READY_FOR_PROPOSAL,BC-05,PASS:4f53cda18c2b,FAIL:5d5584873083,1
65b96971,aspose-cells-foss__Aspose.Cells-FOSS-for-Cpp,READY_FOR_PROPOSAL,BC-05,PASS:4f53cda18c2b,FAIL:8e606a6bfc92,1
65b96971,aspose-pdf-foss__Aspose-PDF-FOSS-for-Go,READY_FOR_PROPOSAL,BC-05,PASS:4f53cda18c2b,FAIL:b44c527fd48e,1
65b96971,aspose-slides-foss__Aspose.Slides-FOSS-for-.NET,READY_FOR_PROPOSAL,BC-05,PASS:4f53cda18c2b,FAIL:801834637939,1
65b96971,aspose-words-foss__Aspose.Words-FOSS-for-.NET,READY_FOR_PROPOSAL,BC-05,PASS:4f53cda18c2b,FAIL:b13a0d98be6a,1
65b96971,aspose-words-foss__Aspose.Words-FOSS-for-Python,READY_FOR_PROPOSAL,BC-05,PASS:4f53cda18c2b,FAIL:cda0f552d20b,1
75b5cf73,aspose-3d-foss__Aspose.3D-FOSS-for-.NET,READY_FOR_PROPOSAL,render,2f1d2f413fee,6eaa796e678a,1
75b5cf73,aspose-3d-foss__Aspose.3D-FOSS-for-.NET,READY_FOR_PROPOSAL,BC-07,PASS:4f53cda18c2b,FAIL:7b77bb17442d,1
75b5cf73,aspose-3d-foss__Aspose.3D-FOSS-for-Java,READY_FOR_PROPOSAL,render,2d145bec0731,cae6f0533c89,1
75b5cf73,aspose-3d-foss__Aspose.3D-FOSS-for-Java,READY_FOR_PROPOSAL,BC-07,PASS:4f53cda18c2b,FAIL:6967efb7ac13,1
75b5cf73,aspose-3d-foss__Aspose.3D-FOSS-for-Python,READY_FOR_PROPOSAL,render,49db7a2c8d39,9093c9d6908d,1
75b5cf73,aspose-3d-foss__Aspose.3D-FOSS-for-Python,READY_FOR_PROPOSAL,BC-07,PASS:4f53cda18c2b,FAIL:600f407d3ea7,1
75b5cf73,aspose-barcode-foss__Aspose.BarCode-FOSS-for-Python,READY_FOR_PROPOSAL,render,19a239c551f3,a6c1824014b7,1
75b5cf73,aspose-barcode-foss__Aspose.BarCode-FOSS-for-Python,READY_FOR_PROPOSAL,BC-07,PASS:4f53cda18c2b,FAIL:99e6bc35c9b1,1
75b5cf73,aspose-cells-foss__Aspose.Cells-FOSS-for-.NET,READY_FOR_PROPOSAL,render,d69dcb98ad43,8bd8eb267d0d,1
75b5cf73,aspose-cells-foss__Aspose.Cells-FOSS-for-.NET,READY_FOR_PROPOSAL,BC-07,PASS:4f53cda18c2b,FAIL:96a924833be1,1
75b5cf73,aspose-cells-foss__Aspose.Cells-FOSS-for-Go,READY_FOR_PROPOSAL,render,050883f9512d,4dd84129fd9c,1
75b5cf73,aspose-cells-foss__Aspose.Cells-FOSS-for-Go,READY_FOR_PROPOSAL,BC-07,PASS:4f53cda18c2b,FAIL:c7e1ecbddf06,1
75b5cf73,aspose-cells-foss__Aspose.Cells-FOSS-for-Java,READY_FOR_PROPOSAL,render,c14239014f22,b3fd5c2dfbb3,1
75b5cf73,aspose-cells-foss__Aspose.Cells-FOSS-for-Java,READY_FOR_PROPOSAL,BC-07,PASS:4f53cda18c2b,FAIL:655adf7d885e,1
75b5cf73,aspose-cells-foss__Aspose.Cells-FOSS-for-Python,READY_FOR_PROPOSAL,render,bd1568d36408,6ea886e6a223,1
75b5cf73,aspose-cells-foss__Aspose.Cells-FOSS-for-Python,READY_FOR_PROPOSAL,BC-07,PASS:4f53cda18c2b,FAIL:979f158b4145,1
75b5cf73,aspose-cells-foss__Aspose.Cells-FOSS-for-Rust,READY_FOR_PROPOSAL,render,74b0c9fa0307,1bdea781908c,1
75b5cf73,aspose-cells-foss__Aspose.Cells-FOSS-for-Rust,READY_FOR_PROPOSAL,BC-07,FAIL:84259b0f9f5a,FAIL:8d6302deffad,1
75b5cf73,aspose-cells-foss__Aspose.Cells-FOSS-for-TypeScript,READY_FOR_PROPOSAL,render,17a6ba4a293e,e94cbd45c914,1
75b5cf73,aspose-cells-foss__Aspose.Cells-FOSS-for-TypeScript,READY_FOR_PROPOSAL,BC-07,PASS:4f53cda18c2b,FAIL:ec4895089699,1
75b5cf73,aspose-email-foss__Aspose.Email-FOSS-for-.Net,READY_FOR_PROPOSAL,render,d563265b0129,55ca58902014,1
75b5cf73,aspose-email-foss__Aspose.Email-FOSS-for-.Net,READY_FOR_PROPOSAL,BC-07,PASS:4f53cda18c2b,FAIL:ca3cb4f74682,1
75b5cf73,aspose-email-foss__Aspose.Email-FOSS-for-Python,READY_FOR_PROPOSAL,render,23a056eec4b0,cd00872343e4,1
75b5cf73,aspose-email-foss__Aspose.Email-FOSS-for-Python,READY_FOR_PROPOSAL,BC-07,PASS:4f53cda18c2b,FAIL:75d6262e9e20,1
75b5cf73,aspose-font-foss__Aspose.Font-FOSS-for-Python,READY_FOR_PROPOSAL,render,b0a1e82d6146,ed04b3a87d37,1
75b5cf73,aspose-font-foss__Aspose.Font-FOSS-for-Python,READY_FOR_PROPOSAL,BC-07,PASS:4f53cda18c2b,FAIL:21c5c1b14b58,1
75b5cf73,aspose-html-foss__Aspose.HTML-FOSS-for-Python,READY_FOR_PROPOSAL,render,3a25c5af352d,e77124f0d94f,1
75b5cf73,aspose-html-foss__Aspose.HTML-FOSS-for-Python,READY_FOR_PROPOSAL,BC-07,PASS:4f53cda18c2b,FAIL:bcc3b80b173e,1
75b5cf73,aspose-note-foss__Aspose.Note-FOSS-for-Python,READY_FOR_PROPOSAL,render,bdefdcd2dd41,64d439e71547,1
75b5cf73,aspose-note-foss__Aspose.Note-FOSS-for-Python,READY_FOR_PROPOSAL,BC-07,FAIL:f4186f80e55f,FAIL:8fb099112b95,1
75b5cf73,aspose-page-foss__Aspose.Page-FOSS-for-Python,READY_FOR_PROPOSAL,render,17faa13a04c6,2b130740917b,1
75b5cf73,aspose-page-foss__Aspose.Page-FOSS-for-Python,READY_FOR_PROPOSAL,BC-07,PASS:4f53cda18c2b,FAIL:dc9a78b849ad,1
75b5cf73,aspose-pdf-foss__Aspose-PDF-FOSS-for-Go,READY_FOR_PROPOSAL,render,4e27b7fedc37,3da13374fcf5,1
75b5cf73,aspose-pdf-foss__Aspose-PDF-FOSS-for-Go,READY_FOR_PROPOSAL,BC-07,FAIL:158d9e182d65,FAIL:6daa5df448d3,1
75b5cf73,aspose-pdf-foss__Aspose-PDF-FOSS-for-Python,READY_FOR_PROPOSAL,render,66ecc903ae07,7173251058ee,1
75b5cf73,aspose-pdf-foss__Aspose-PDF-FOSS-for-Python,READY_FOR_PROPOSAL,BC-07,FAIL:158d9e182d65,FAIL:f75614d6a698,1
75b5cf73,aspose-pdf-foss__Aspose.PDF-FOSS-for-.NET,READY_FOR_PROPOSAL,render,a5f04336a556,8ee0c78d08e9,1
75b5cf73,aspose-pdf-foss__Aspose.PDF-FOSS-for-.NET,READY_FOR_PROPOSAL,BC-07,FAIL:158d9e182d65,FAIL:b43c1a5926b5,1
75b5cf73,aspose-pdf-foss__Aspose.PDF-FOSS-for-Cpp,READY_FOR_PROPOSAL,render,ea23953a52bc,c4403f8e4238,1
75b5cf73,aspose-pdf-foss__Aspose.PDF-FOSS-for-Cpp,READY_FOR_PROPOSAL,BC-07,FAIL:158d9e182d65,FAIL:124360852cf4,1
75b5cf73,aspose-pdf-foss__Aspose.PDF-FOSS-for-Java,READY_FOR_PROPOSAL,render,02ffe32be825,1c6a9020872e,1
75b5cf73,aspose-pdf-foss__Aspose.PDF-FOSS-for-Java,READY_FOR_PROPOSAL,BC-07,FAIL:158d9e182d65,FAIL:d27d403f1f86,1
75b5cf73,aspose-slides-foss__Aspose.Slides-FOSS-for-Java,VALID_UPDATE_AVAILABLE,render,d6a50baa9cb0,e2d5b6d88773,1
75b5cf73,aspose-slides-foss__Aspose.Slides-FOSS-for-Java,VALID_UPDATE_AVAILABLE,BC-07,PASS:4f53cda18c2b,FAIL:ed0e61742fbb,1
75b5cf73,aspose-slides-foss__Aspose.Slides-FOSS-for-Python,READY_FOR_PROPOSAL,render,cbf2c4be19a4,1ed441ac003b,1
75b5cf73,aspose-slides-foss__Aspose.Slides-FOSS-for-Python,READY_FOR_PROPOSAL,BC-07,PASS:4f53cda18c2b,FAIL:a33d091f0a80,1
2d380177,aspose-3d-foss__Aspose.3D-FOSS-for-.NET,READY_FOR_PROPOSAL,BC-04,FAIL:ee9f5fc0e17f,FAIL:30883f4fc31f,1
2d380177,aspose-3d-foss__Aspose.3D-FOSS-for-Python,READY_FOR_PROPOSAL,BC-04,FAIL:58759d0e4404,FAIL:ffea3c09f274,1
2d380177,aspose-cells-foss__Aspose.Cells-FOSS-for-.NET,READY_FOR_PROPOSAL,BC-04,FAIL:9ecb97cd7f28,FAIL:beb0036d8426,1
2d380177,aspose-cells-foss__Aspose.Cells-FOSS-for-Cpp,READY_FOR_PROPOSAL,BC-04,FAIL:dd196d2be444,FAIL:fdaddd3e8b45,1
2d380177,aspose-cells-foss__Aspose.Cells-FOSS-for-Java,READY_FOR_PROPOSAL,BC-04,FAIL:c16175f3e708,FAIL:bb645555258e,1
2d380177,aspose-cells-foss__Aspose.Cells-FOSS-for-Rust,READY_FOR_PROPOSAL,BC-04,FAIL:a1eae13893c1,FAIL:cfeab718b774,1
2d380177,aspose-email-foss__Aspose.Email-FOSS-for-.Net,READY_FOR_PROPOSAL,BC-04,FAIL:d99ec2173dc6,FAIL:15e65cd857cf,1
2d380177,aspose-email-foss__Aspose.Email-FOSS-for-Cpp,READY_FOR_PROPOSAL,BC-04,FAIL:9931d5bb4443,FAIL:80cf0aab28fc,1
2d380177,aspose-email-foss__Aspose.Email-FOSS-for-Python,READY_FOR_PROPOSAL,BC-04,FAIL:982663a16adb,FAIL:3edc3a6e1bd7,1
2d380177,aspose-html-foss__Aspose.HTML-FOSS-for-Python,READY_FOR_PROPOSAL,BC-04,FAIL:cfc79b86069a,FAIL:60c73642baa1,1
2d380177,aspose-imaging-foss__Aspose.Imaging-FOSS-for-.NET,READY_FOR_PROPOSAL,BC-04,FAIL:71f0b105f9d8,FAIL:c4c117b78ab7,1
2d380177,aspose-note-foss__Aspose.Note-FOSS-for-Python,READY_FOR_PROPOSAL,BC-04,FAIL:8b79fc7befa5,FAIL:df7ba0dbaa6f,1
2d380177,aspose-page-foss__Aspose.Page-FOSS-for-Python,READY_FOR_PROPOSAL,BC-04,FAIL:c13df5d5089e,FAIL:e0529475aa8e,1
2d380177,aspose-pdf-foss__Aspose-PDF-FOSS-for-Go,READY_FOR_PROPOSAL,BC-04,FAIL:0247eba4d607,FAIL:6e5b39cf5ab6,1
2d380177,aspose-pdf-foss__Aspose-PDF-FOSS-for-Python,READY_FOR_PROPOSAL,BC-04,FAIL:3e4bc1a0e425,FAIL:87c5bbaab598,1
2d380177,aspose-pdf-foss__Aspose.PDF-FOSS-for-.NET,READY_FOR_PROPOSAL,BC-04,FAIL:6774f0cd85ed,FAIL:41b69b6876cd,1
2d380177,aspose-pdf-foss__Aspose.PDF-FOSS-for-Cpp,READY_FOR_PROPOSAL,BC-04,FAIL:4b37bda466e8,FAIL:53be8c400bdc,1
2d380177,aspose-pdf-foss__Aspose.PDF-FOSS-for-Java,READY_FOR_PROPOSAL,BC-04,FAIL:6e7820cccbbc,FAIL:09f15e54263c,1
2d380177,aspose-slides-foss__Aspose.Slides-FOSS-for-.NET,READY_FOR_PROPOSAL,BC-04,FAIL:be6d96b07c49,FAIL:86e77dbc5077,1
2d380177,aspose-slides-foss__Aspose.Slides-FOSS-for-Cpp,READY_FOR_PROPOSAL,BC-04,FAIL:1e799e342432,FAIL:8be2be3cb32d,1
2d380177,aspose-slides-foss__Aspose.Slides-FOSS-for-Java,VALID_UPDATE_AVAILABLE,BC-04,FAIL:262f6796330c,FAIL:1d28c02433be,1
2d380177,aspose-words-foss__Aspose.Words-FOSS-for-.NET,READY_FOR_PROPOSAL,BC-04,FAIL:28ee414850e2,FAIL:b0d9c8b105b1,1
2d380177,aspose-words-foss__Aspose.Words-FOSS-for-Python,READY_FOR_PROPOSAL,BC-04,FAIL:e6429e8cb8ca,FAIL:150e6da9c3af,1
