date,commit,pr,kinds,bumps,value_changed,population_before,ready_before,stale_by_record_before,stale_by_record_after,newly_staled_by_record,measurement,bundles_measured,bundles_outcome_changed,of_which_stricter,of_which_looser_only,detail_text_only,bundles_unchanged,what_changed,message_claim,subject
2026-09-24,9596a923,,reviewer_logic,REVIEWER_LOGIC 11->12,yes,21,20,13,20,7,not replayable offline for the historical population: reviewer fold stack; replay needs the raw review reads (retained in 6 of 30 CURRENT bundles); cumulative replay v14/15 -> v18 on those bundles: identical verdict and findings,,,,,,,,"re-checked, never blanket-invalidated (reviewer_logic reopens COMPOSING)",fix(review): scope _cited_paraphrase's overlap ratio to the bullet a quote restates
2026-09-24,ef2ee5e1,,normalisation,NORMALISATION 11->12,yes,22,21,19,21,2,re-run pre/post: BC-04,22,5,5,0,0,17,BC-04 PASS->FAIL: 5,silent about sealed bundles,fix(composition): reject a development_testing unit that duplicates a placed command block (G4-W17 item 4)
2026-09-25,84546aa0,,normalisation,NORMALISATION 12->13,yes,24,23,13,23,10,re-run pre/post: BC-04,24,0,0,0,0,24,no difference,silent about sealed bundles (recover= path),fix(repair): recover= for section_authoring; seal Page-Python (G4-W17)
2026-09-25,fadb0017,,normalisation,NORMALISATION 13->14,yes,25,24,23,24,1,re-run pre/post: BC-04,25,0,0,0,0,25,no difference,silent about sealed bundles (repair path only),fix(repair): deterministic backstop for review's stricter title-restatement standard (G4-W17)
2026-09-26,0f523a34,124,reviewer_logic,REVIEWER_LOGIC 12->13,yes,25,24,24,24,0,not replayable offline for the historical population: reviewer fold stack; replay needs the raw review reads (retained in 6 of 30 CURRENT bundles); cumulative replay v14/15 -> v18 on those bundles: identical verdict and findings,,,,,,,,version bump discipline caught the change; no statement on sealed bundles,feat(review): 2-of-3 majority-vote escalation for the second-reader ACCEPT guard (G4-W17) (#124)
2026-09-26,d8b3a9de,125,normalisation,NORMALISATION 14->15,yes,25,24,24,24,0,re-run pre/post: BC-04,25,0,0,0,0,25,no difference,silent about sealed bundles (loosens an identifier check),"fix(composition): admit ""Node.js"" as a curated proper-noun exception (G4-W17) (#125)"
2026-09-27,a14a22fe,146,normalisation,NORMALISATION 16->17,yes,25,24,24,24,0,re-run pre/post: BC-04,25,0,0,0,0,25,no difference,silent about sealed bundles (packet content),fix(composition): surface a format fact's own read/write direction (G4-W17) (#146)
2026-09-27,ffb1476f,143,normalisation,NORMALISATION 15->16,yes,25,24,24,24,0,re-run pre/post: BC-04,25,0,0,0,0,25,no difference,silent about sealed bundles (recover= path),fix(composition): recover= for section_authoring's initial-draft title-restatement regression (G4-W17) (#143)
2026-09-28,03110a4b,153,renderer,RENDERER 24->25,yes,25,23,23,23,0,re-run pre/post: render,25,0,0,0,0,25,no difference,silent about sealed bundles (repair lever),fix(repair): give a BC-07 visible-line-budget repair a real lever to pull (G4-W17) (#153)
2026-10-01,ae6c4373,164,reviewer_logic,REVIEWER_LOGIC 13->14,yes,26,24,24,24,0,not replayable offline for the historical population: reviewer fold stack; replay needs the raw review reads (retained in 6 of 30 CURRENT bundles); cumulative replay v14/15 -> v18 on those bundles: identical verdict and findings,,,,,,,,silent about sealed bundles (paraphrase ratio),"fix(review): symmetric paraphrase ratio and segment-aware literal match (G4-W17, F04) (#164)"
2026-10-01,af08a2ea,182,contract_label,ACCEPTANCE_PROFILE None->1; CONTRACT readme-contract-v1-draft->readme-contract-v1,yes,26,24,,,,not replayable offline for the historical population: label only; the checks are versioned separately,,,,,,,,sealed candidates reopen VALIDATING/REVIEWING; reseal lanes cover the backlog,fix(contract): freeze README contract v1 (G3-W02) (#182)
2026-10-01,d842b7b0,169,validator,BC-06 3->4; VALIDATOR 3->4,yes,26,24,24,24,0,"re-run pre/post: BC-01,BC-02,BC-03,BC-05,BC-06,BC-07,BC-08,BC-09,BC-12",26,0,0,0,0,26,no difference,"every sealed candidate re-checks via VALID_UPDATE_AVAILABLE, never blanket invalidation; zero false positives on all 34 sealed READMEs",Threat model and credential/prompt-injection hardening (G7-W01) (#169)
2026-10-04,12eefef1,218,contract_label,ACCEPTANCE_PROFILE 1->-; PROFILE -->1,no,27,26,,,,not a bump: ACCEPTANCE_PROFILE_VERSION became an alias of PROFILE_VERSION; the value stayed 1,,,,,,,,ACCEPTANCE_PROFILE_VERSION stays 1 because a bump would reopen REVIEWING for every sealed candidate; sealed candidates record a pending update with proof retained,"feat(acceptance): G3-W02 advisory 30-point profile and scorer, unratified (#218)"
2026-10-04,1c188006,258,normalisation,NORMALISATION 22->23,yes,30,29,29,29,0,re-run pre/post: BC-04,30,0,0,0,0,30,no difference,feedback-only (message text); no statement on sealed bundles,fix(authoring): the strays rejection names the nearest accepted identifiers (S6) (#258)
2026-10-04,268faac3,230,renderer,RENDERER 27->28,yes,29,28,28,28,0,re-run pre/post: render,29,0,0,0,0,29,no difference,changes bytes of any candidate whose required section has no supporting fact; sealed candidates must read as stale,fix(readme): Navigation links only sections the document renders (BC-06) (#230)
2026-10-04,2dba63e8,221,normalisation,NORMALISATION 18->19,yes,28,27,27,27,0,re-run pre/post: BC-04,28,0,0,0,0,28,no difference,no sealed plan changes; of 3017 units in candidates/ none changes verdict,fix(authoring): planning and direction fixes for Font-Python section_authoring (#221)
2026-10-04,48201b67,251,normalisation+validator,BC-06 6->7; BC-12 -->1; NORMALISATION 21->22; VALIDATOR 7->8,yes,29,28,28,28,0,"re-run pre/post: BC-01,BC-02,BC-03,BC-05,BC-06,BC-07,BC-08,BC-09,BC-12,BC-04",29,17,17,0,0,12,BC-04 PASS->FAIL: 5; BC-04 more failures: 11; BC-06 more failures: 16; BC-12 new check fails: 3,19 sealed READMEs carry the lowercase phrase; no sealed bundle edited or re-sealed,"fix(readme): no generated edition substitute, BC-06 case-insensitive, BC-12 canonical product name (#251)"
2026-10-04,599659d2,195,normalisation,NORMALISATION 17->18,yes,26,24,24,24,0,re-run pre/post: BC-04,26,0,0,0,0,26,no difference,silent about sealed bundles (schema empty-enum),fix(planning): never emit an empty enum in a composition schema (S5 HTTP 500/502) (#195)
2026-10-04,761f3b30,246,renderer+validator,BC-06 5->6; BC-07 7->8; RENDERER 26->27; VALIDATOR 6->7,yes,29,28,28,28,0,"re-run pre/post: render,BC-01,BC-02,BC-03,BC-05,BC-06,BC-07,BC-08,BC-09,BC-12",29,26,26,0,0,3,BC-06 PASS->FAIL: 23; BC-07 PASS->FAIL: 12; render bytes differ: 26,24 sealed bundles recorded in KNOWN_BLOCKED_STALE (their fresh render differs by design),"fix(readme): derive Aspose-link ceilings, render the Enterprise anchor, and verify the badge row (G4-W17, V2 items 5-7) (#246)"
2026-10-04,7e567085,253,reviewer_logic,REVIEWER_LOGIC 14->15,yes,29,28,28,28,0,not replayable offline for the historical population: reviewer fold stack; replay needs the raw review reads (retained in 6 of 30 CURRENT bundles); cumulative replay v14/15 -> v18 on those bundles: identical verdict and findings,,,,,,,,"independent_review requests re-key for sealed bundles, which are re-sealed, never blanket-invalidated","feat(review): typed omission findings, refuted or upheld by deterministic code (G5 independent review) (#253)"
2026-10-04,7e56716e,209,renderer+validator,RENDERER 25->26; VALIDATOR 4->5,yes,27,26,25,26,1,"re-run pre/post: render,BC-01,BC-02,BC-03,BC-05,BC-06,BC-07,BC-08,BC-09,BC-12",27,0,0,0,0,27,no difference,silent about sealed bundles (abbreviation spelling in titles),fix(readme): BC-07 abbreviation and visible-budget repair (aspose-pdf-foss TypeScript) (#209)
2026-10-04,8f30d5d5,201,validator,BC-02 3->4; VALIDATOR 5->6,yes,27,26,26,26,0,"re-run pre/post: BC-01,BC-02,BC-03,BC-05,BC-06,BC-07,BC-08,BC-09,BC-12",27,0,0,0,0,27,no difference,silent about sealed bundles (.NET install fallback),fix(readme): .NET install fallback to measured source build (install fix only) (#201)
2026-10-04,a47336f6,255,normalisation,NORMALISATION 20->21,yes,29,28,28,28,0,re-run pre/post: BC-04,29,0,0,0,0,29,no difference,silent about sealed bundles (loosens the strays check),fix(authoring): the strays check does not read fragments of a verbatim allowed value (#255)
2026-10-04,cdaf793d,202,validator,BC-06 4->5,yes,29,28,28,28,0,"re-run pre/post: BC-01,BC-02,BC-03,BC-05,BC-06,BC-07,BC-08,BC-09,BC-12",29,0,0,0,0,29,no difference,silent about sealed bundles (loosens BC-06 scheme test),fix(readme): BC-06 judges a javascript:/vbscript: scheme only at a URL position (#202)
2026-10-04,ce355281,211,normalisation,NORMALISATION 19->20,yes,29,28,27,28,1,re-run pre/post: BC-04,29,14,14,0,0,15,BC-04 PASS->FAIL: 13; BC-04 more failures: 1,silent about sealed bundles (carry rule for development_testing),fix(composition): carry superseded inherited units in development_testing (F08) (#211)
2026-10-05,38defe4f,265,normalisation,NORMALISATION 23->24,yes,30,29,29,29,0,re-run pre/post: BC-04,30,19,19,0,0,11,BC-04 PASS->FAIL: 3; BC-04 more failures: 16,measured offline: 23 of 29 sealed bundles have scope supersessions and 19 carry an uncarried unit; sections re-authored at next seal; sealed bundles not rewritten,fix(authoring): the scope_limitations section carries the units reconciliation superseded into it (S6) (#265)
2026-10-05,65b96971,272,validator,BC-05 1->2; VALIDATOR 10->11,yes,30,29,29,29,0,"re-run pre/post: BC-01,BC-02,BC-03,BC-05,BC-06,BC-07,BC-08,BC-09,BC-12",30,7,7,0,0,23,BC-05 PASS->FAIL: 7,sealed candidates held 93 deferred units; classes derived from them,"fix(readme): judge each DEFER_UNRESOLVED unit by its cause, not by count (REV-V2-03) (#272)"
2026-10-05,75b5cf73,249,renderer+normalisation+validator,BC-07 8->9; NORMALISATION 24->25; RENDERER 28->29; VALIDATOR 8->9,yes,30,29,29,29,0,"re-run pre/post: render,BC-01,BC-02,BC-03,BC-05,BC-06,BC-07,BC-08,BC-09,BC-12",30,23,23,0,0,7,BC-07 PASS->FAIL: 16; BC-07 more failures: 7; render bytes differ: 23,22 of 29 CURRENT bundles would newly fail BC-07; none invalidated; each re-renders to a passing document with no provider call,"fix(readme-contract): enforce heading case, abbreviations, fence/spacing, visible sections, narration and glance geometry in BC-07 v8 (V2 items 8, 9) (#249)"
2026-10-05,89c9f2af,250,validator,BC-11 1->2; VALIDATOR 9->10,yes,30,29,29,29,0,"re-run pre/post: BC-01,BC-02,BC-03,BC-05,BC-06,BC-07,BC-08,BC-09,BC-12",30,0,0,0,0,30,no difference,bundles sealed under 6 read as stale and record a pending presentation update with proof retained; nothing is invalidated,fix(noop-proof): measure the zero-call no-op proof instead of asserting it (#250)
2026-10-05,9cc25fc0,268,normalisation,NORMALISATION 25->26,yes,30,29,29,29,0,re-run pre/post: BC-04,30,0,0,0,0,30,no difference,silent about sealed bundles (repair packet),fix(repair): the S6 repair names the must-carry units a section still neither cites nor omits (S6) (#268)
2026-10-06,2d380177,281,normalisation,NORMALISATION 26->27,yes,30,29,29,29,0,re-run pre/post: BC-04,30,0,0,0,23,7,BC-04 detail text only: 23,"silent about sealed bundles (re-ask text, recovery path)","fix(authoring): re-ask a refused must-carry unit with its substance (S6, #1008) (#281)"
2026-10-07,5e5cb3c7,291,renderer+validator,RENDERER 29->30; VALIDATOR 13->14,yes,30,29,29,29,0,"re-run pre/post: render,BC-01,BC-02,BC-03,BC-05,BC-06,BC-07,BC-08,BC-09,BC-12",30,0,0,0,0,30,no difference,renderer: the composed page's own text changes; validator: advisory_notes content changes,"fix(readme): elide a non-canonical name variant out of quoted evidence (BC-12, #1009) (#291)"
2026-10-07,99320d8a,275,reviewer_logic+validator,REVIEWER_LOGIC 16->17; VALIDATOR 14->15,yes,30,29,29,29,0,"re-run pre/post: BC-01,BC-02,BC-03,BC-05,BC-06,BC-07,BC-08,BC-09,BC-12",30,0,0,0,0,30,no difference,behaviour unchanged from the original commit; versions re-derived from main,"fix(review): record a failed second read's cause, so BC-10 names it (#275)"
2026-10-07,a1e6f797,290,validator,BC-07 9->10; VALIDATOR 12->13,yes,30,29,29,29,0,"re-run pre/post: BC-01,BC-02,BC-03,BC-05,BC-06,BC-07,BC-08,BC-09,BC-12",30,0,0,0,0,30,no difference,changes what BC-07 accepts (loosens: zero badges allowed when no badge-worthy fact),"fix(readme): allow zero badges when zero badge-worthy facts exist (BC-07, #1009) (#290)"
2026-10-07,ae8620a4,289,normalisation,NORMALISATION 28->29,yes,30,29,29,29,0,re-run pre/post: BC-04,30,0,0,0,0,30,no difference,silent about sealed bundles (citable set fix),"fix(readme): give scope_limitations its must-carry units' own citable ids (S6, #1008) (#289)"
2026-10-07,cc5a4e9e,287,normalisation,NORMALISATION 27->28,yes,30,29,29,29,0,re-run pre/post: BC-04,30,0,0,0,0,30,no difference,silent about sealed bundles (repair route),"fix(repair): the S6 repair route carries a dropped must-carry unit's source text, not a fabricated omission (#287)"
2026-10-07,feab4437,278,reviewer_logic+validator,BC-10 4->5; REVIEWER_LOGIC 15->16; VALIDATOR 11->12,yes,30,29,29,29,0,"re-run pre/post: BC-01,BC-02,BC-03,BC-05,BC-06,BC-07,BC-08,BC-09,BC-12",30,0,0,0,0,30,no difference,typed second-reader trigger; sealed bundles carry the old second_reader shape,"feat(review): second reader runs on a typed trigger (G3-W06, REV-V2-10, OWNER-15) (#278)"
2026-10-08,5cffa343,298,normalisation,NORMALISATION 29->30,yes,30,29,28,29,1,re-run pre/post: BC-04,30,0,0,0,0,30,no difference,silent about sealed bundles (error message names the real section),fix(composition): name the real section when a must-carry unit moves (#1009) (#298)
2026-10-08,8faea803,297,extraction_environment,INHERITED_UNITS 1->2,yes,30,29,,,,not replayable offline for the historical population: extraction scope; offline regeneration from the original README (reverse of README.patch),,,,,,,"regeneration on today's 30 bundles: 4 differ (2 of the 24 recording v1, 2 recording none)",only a repository's next extraction run sees the split; no already-sealed candidate's unit numbering changes retroactively,fix(readme): split an oversized inherited list into fixed-size chunks (#1009) (#297)
2026-10-09,14cdd181,302,reviewer_logic,REVIEWER_LOGIC 17->18,yes,30,29,29,29,0,not replayable offline for the historical population: reviewer fold stack; replay needs the raw review reads (retained in 6 of 30 CURRENT bundles); cumulative replay v14/15 -> v18 on those bundles: identical verdict and findings,,,,,,,,silent about sealed bundles (restated absence claims),"fix(review): recognize a restated absence claim, not only a literal one (BC-10, #1009) (#302)"
