bundle,revision,manifest_state,sealed_at,differing_records_stale_rule,normalisation,renderer,reviewer_logic,shell,validator_version,checks_behind,contract_version,acceptance_profile_version,inherited_units_version,prompts_changed,dry_run_state,dry_run_scopes,render_equal,render_diff_lines,fail_on_sealed_bytes,fail_on_rerendered_bytes,recheck_class
aspose-3d-foss__Aspose.3D-FOSS-for-.NET,52b0f00ebf28a0b4173921725ff170685ec2c502,READY_FOR_PROPOSAL,2026-09-25T07:04:58Z,10,12->30,24->30,12->18,same,3->15,BC-02 BC-05 BC-06 BC-07 BC-10 BC-11,readme-contract-v1-draft->readme-contract-v1,None->1,1->2,independent_review section_authoring source_reconciliation targeted_repair,INVALIDATED,facts reconciliation presentation authoring validator reviewer,False,12,BC-04 BC-06 BC-07 BC-12,BC-04 BC-06 BC-12,UPDATE_RECOMPOSE
aspose-3d-foss__Aspose.3D-FOSS-for-Java,3d2ed6be91f5abdd1c52ecbcfa192719883cb1b3,READY_FOR_PROPOSAL,2026-09-25T07:48:40Z,10,12->30,24->30,12->18,same,3->15,BC-02 BC-05 BC-06 BC-07 BC-10 BC-11,readme-contract-v1-draft->readme-contract-v1,None->1,1->2,independent_review section_authoring source_reconciliation targeted_repair,INVALIDATED,facts reconciliation presentation authoring validator reviewer,False,5,BC-04 BC-05 BC-06 BC-07,BC-04 BC-05 BC-06,UPDATE_RECOMPOSE
aspose-3d-foss__Aspose.3D-FOSS-for-Python,65b1f577c0f16d0d9112bb6c1153d3024543ac02,READY_FOR_PROPOSAL,2026-09-09T18:46:59Z,13,2->30,18->30,2->18,5->6,3->15,BC-02 BC-04 BC-05 BC-06 BC-07 BC-08 BC-10 BC-11,readme-contract-v1-draft->readme-contract-v1,None->1,None->2,independent_review presentation_planning section_authoring source_reconciliation targeted_repair,VALID_UPDATE_AVAILABLE,reconciliation presentation planning authoring validator reviewer,False,24,BC-04 BC-05 BC-06 BC-07,BC-04 BC-06,UPDATE_RECOMPOSE
aspose-barcode-foss__Aspose.BarCode-FOSS-for-Python,06eca5c01e13ed6d59a640f1cf330c1c5a57d151,READY_FOR_PROPOSAL,2026-10-09T14:57:27Z,0,same,same,same,same,same,,same,same,same,,READY_FOR_PROPOSAL,,True,0,,,CURRENT
aspose-cells-foss__Aspose.Cells-FOSS-for-.NET,941814fd138dc28cf47123d48194f329f283498d,READY_FOR_PROPOSAL,2026-09-09T17:01:43Z,13,2->30,18->30,2->18,5->6,3->15,BC-02 BC-04 BC-05 BC-06 BC-07 BC-08 BC-10 BC-11,readme-contract-v1-draft->readme-contract-v1,None->1,None->2,independent_review presentation_planning section_authoring source_reconciliation targeted_repair,VALID_UPDATE_AVAILABLE,reconciliation presentation planning authoring validator reviewer,False,11,BC-04 BC-05 BC-06 BC-07,BC-04 BC-05 BC-06,UPDATE_RECOMPOSE
aspose-cells-foss__Aspose.Cells-FOSS-for-Cpp,9f852d0ff1cfdad2d661556d6b87a8eff8c063a2,READY_FOR_PROPOSAL,2026-10-01T05:17:21Z,10,17->30,25->30,13->18,same,3->15,BC-02 BC-05 BC-06 BC-07 BC-10 BC-11,readme-contract-v1-draft->readme-contract-v1,None->1,1->2,independent_review section_authoring source_reconciliation targeted_repair,INVALIDATED,facts reconciliation presentation authoring validator reviewer,False,4,BC-04 BC-05 BC-06,BC-04 BC-05,UPDATE_RECOMPOSE
aspose-cells-foss__Aspose.Cells-FOSS-for-Go,fa4e890e46c509efd22d09b97411202c2b0b8a67,READY_FOR_PROPOSAL,2026-09-25T07:53:34Z,10,12->30,24->30,12->18,same,3->15,BC-02 BC-05 BC-06 BC-07 BC-10 BC-11,readme-contract-v1-draft->readme-contract-v1,None->1,1->2,independent_review section_authoring source_reconciliation targeted_repair,INVALIDATED,facts reconciliation presentation authoring validator reviewer,False,15,BC-07,,UPDATE_RERENDER_ONLY
aspose-cells-foss__Aspose.Cells-FOSS-for-Java,c65329e7257b1311abb9686d7e4957a8cc002955,READY_FOR_PROPOSAL,2026-09-24T14:25:14Z,10,12->30,24->30,12->18,same,3->15,BC-02 BC-05 BC-06 BC-07 BC-10 BC-11,readme-contract-v1-draft->readme-contract-v1,None->1,1->2,independent_review section_authoring source_reconciliation targeted_repair,INVALIDATED,facts reconciliation presentation authoring validator reviewer,False,6,BC-04 BC-06 BC-07,BC-04,UPDATE_RECOMPOSE
aspose-cells-foss__Aspose.Cells-FOSS-for-Python,4f6768a7b349a1309644f456eb43bc35f70c16d7,READY_FOR_PROPOSAL,2026-10-09T15:27:35Z,0,same,same,same,same,same,,same,same,same,,READY_FOR_PROPOSAL,,True,0,,,CURRENT
aspose-cells-foss__Aspose.Cells-FOSS-for-Rust,1a6004af47b1ef15385f9d36d381a8172428cc7e,READY_FOR_PROPOSAL,2026-09-07T08:01:18Z,13,1->30,17->30,None->18,5->6,3->15,BC-02 BC-03 BC-04 BC-05 BC-06 BC-07 BC-08 BC-10 BC-11,readme-contract-v1-draft->readme-contract-v1,None->1,None->2,independent_review presentation_planning section_authoring source_reconciliation targeted_repair,VALID_UPDATE_AVAILABLE,reconciliation presentation planning authoring validator reviewer,False,5,BC-04 BC-06 BC-07,BC-04,UPDATE_RECOMPOSE
aspose-cells-foss__Aspose.Cells-FOSS-for-TypeScript,fc186507e5b7124f4664aa6035f25cfd3112367d,READY_FOR_PROPOSAL,2026-09-16T16:25:39Z,11,2->30,22->30,5->18,same,3->15,BC-02 BC-04 BC-05 BC-06 BC-07 BC-10 BC-11,readme-contract-v1-draft->readme-contract-v1,None->1,1->2,independent_review section_authoring source_reconciliation targeted_repair,INVALIDATED,facts reconciliation presentation authoring validator reviewer,False,4,BC-04 BC-06 BC-07,BC-04 BC-06,UPDATE_RECOMPOSE
aspose-email-foss__Aspose.Email-FOSS-for-.Net,59125b4732df0eedbc4d4c2ab978698ed4348eb7,READY_FOR_PROPOSAL,2026-09-16T17:55:57Z,11,2->30,22->30,6->18,same,3->15,BC-02 BC-04 BC-05 BC-06 BC-07 BC-10 BC-11,readme-contract-v1-draft->readme-contract-v1,None->1,1->2,independent_review section_authoring source_reconciliation targeted_repair,INVALIDATED,facts reconciliation presentation authoring validator reviewer,False,8,BC-04 BC-06 BC-07,BC-04 BC-06,UPDATE_RECOMPOSE
aspose-email-foss__Aspose.Email-FOSS-for-Cpp,c844a467cf7f2503819b655f4d6ceaef91056c40,READY_FOR_PROPOSAL,2026-09-25T07:02:33Z,10,12->30,24->30,12->18,same,3->15,BC-02 BC-05 BC-06 BC-07 BC-10 BC-11,readme-contract-v1-draft->readme-contract-v1,None->1,1->2,independent_review section_authoring source_reconciliation targeted_repair,INVALIDATED,facts reconciliation presentation authoring validator reviewer,False,4,BC-04 BC-05 BC-06 BC-07,BC-04 BC-05 BC-06,UPDATE_RECOMPOSE
aspose-email-foss__Aspose.Email-FOSS-for-Python,10a906b48c0c11005c4d93b524e4431901c9717c,READY_FOR_PROPOSAL,2026-09-25T07:45:14Z,10,12->30,24->30,12->18,same,3->15,BC-02 BC-05 BC-06 BC-07 BC-10 BC-11,readme-contract-v1-draft->readme-contract-v1,None->1,1->2,independent_review section_authoring source_reconciliation targeted_repair,INVALIDATED,facts reconciliation presentation authoring validator reviewer,False,9,BC-04 BC-06 BC-07,BC-04 BC-06,UPDATE_RECOMPOSE
aspose-font-foss__Aspose.Font-FOSS-for-Python,c520e3ebed3c36a56850cffb2b067afb29c5e2e9,READY_FOR_PROPOSAL,2026-10-05T04:48:59Z,9,21->30,28->30,15->18,same,7->15,BC-05 BC-06 BC-07 BC-10 BC-11,same,same,1->2,section_authoring source_reconciliation,INVALIDATED,facts reconciliation presentation authoring validator reviewer,False,11,BC-04 BC-06 BC-07,BC-04 BC-06,UPDATE_RECOMPOSE
aspose-html-foss__Aspose.HTML-FOSS-for-Python,bf0f1e7a6d29ca9e14de576fe3ff1aa49ddbaf11,READY_FOR_PROPOSAL,2026-09-24T14:07:12Z,10,11->30,24->30,12->18,same,3->15,BC-02 BC-05 BC-06 BC-07 BC-10 BC-11,readme-contract-v1-draft->readme-contract-v1,None->1,1->2,independent_review section_authoring source_reconciliation targeted_repair,INVALIDATED,facts reconciliation presentation authoring validator reviewer,False,12,BC-04 BC-06 BC-07,BC-04 BC-06,UPDATE_RECOMPOSE
aspose-imaging-foss__Aspose.Imaging-FOSS-for-.NET,a7c7314b18e1a5bd209fab38c15e72574337366f,READY_FOR_PROPOSAL,2026-10-04T19:37:10Z,9,20->30,26->30,14->18,same,6->15,BC-05 BC-06 BC-07 BC-10 BC-11,same,same,1->2,independent_review section_authoring source_reconciliation targeted_repair,INVALIDATED,facts reconciliation presentation authoring validator reviewer,False,4,BC-04 BC-06 BC-07,BC-04,UPDATE_RECOMPOSE
aspose-note-foss__Aspose.Note-FOSS-for-Python,41de2e8ab478b5aeff3663f7f7cbf83b19fdf676,READY_FOR_PROPOSAL,2026-09-17T00:52:59Z,10,6->30,23->30,9->18,same,3->15,BC-02 BC-05 BC-06 BC-07 BC-10 BC-11,readme-contract-v1-draft->readme-contract-v1,None->1,1->2,independent_review section_authoring source_reconciliation targeted_repair,INVALIDATED,facts reconciliation presentation authoring validator reviewer,False,22,BC-04 BC-06 BC-07,BC-04,UPDATE_RECOMPOSE
aspose-page-foss__Aspose.Page-FOSS-for-Python,43cef367cd0b2cf00cc03064ca9d29d1ff507967,READY_FOR_PROPOSAL,2026-09-25T09:33:47Z,10,13->30,24->30,12->18,same,3->15,BC-02 BC-05 BC-06 BC-07 BC-10 BC-11,readme-contract-v1-draft->readme-contract-v1,None->1,1->2,independent_review section_authoring source_reconciliation targeted_repair,INVALIDATED,facts reconciliation presentation authoring validator reviewer,False,15,BC-04 BC-06 BC-07,BC-04 BC-06,UPDATE_RECOMPOSE
aspose-pdf-foss__Aspose-PDF-FOSS-for-Go,286484d235196d65c9a458c5eff3d3d6539216dc,READY_FOR_PROPOSAL,2026-09-23T14:31:44Z,10,11->30,24->30,11->18,same,3->15,BC-02 BC-05 BC-06 BC-07 BC-10 BC-11,readme-contract-v1-draft->readme-contract-v1,None->1,1->2,independent_review section_authoring source_reconciliation targeted_repair,INVALIDATED,facts reconciliation presentation authoring validator reviewer,False,11,BC-04 BC-05 BC-06 BC-07,BC-04 BC-05 BC-06,UPDATE_RECOMPOSE
aspose-pdf-foss__Aspose-PDF-FOSS-for-Python,580935ba0ffc558b9146ebd46ddbc6a37b7cf167,READY_FOR_PROPOSAL,2026-09-25T07:07:33Z,10,12->30,24->30,12->18,same,3->15,BC-02 BC-05 BC-06 BC-07 BC-10 BC-11,readme-contract-v1-draft->readme-contract-v1,None->1,1->2,independent_review section_authoring source_reconciliation targeted_repair,INVALIDATED,facts reconciliation presentation authoring validator reviewer,False,15,BC-04 BC-07,BC-04,UPDATE_RECOMPOSE
aspose-pdf-foss__Aspose.PDF-FOSS-for-.NET,d10e2c829e1e41d3a9529057ad2ea7c7f53b1095,READY_FOR_PROPOSAL,2026-09-23T11:44:08Z,10,11->30,24->30,11->18,same,3->15,BC-02 BC-05 BC-06 BC-07 BC-10 BC-11,readme-contract-v1-draft->readme-contract-v1,None->1,1->2,independent_review section_authoring source_reconciliation targeted_repair,INVALIDATED,facts reconciliation presentation authoring validator reviewer,False,25,BC-04 BC-06 BC-07,BC-04 BC-06,UPDATE_RECOMPOSE
aspose-pdf-foss__Aspose.PDF-FOSS-for-Cpp,888700a8e361d32df21d0810c2eb939345e0603e,READY_FOR_PROPOSAL,2026-09-17T02:44:58Z,10,7->30,23->30,9->18,same,3->15,BC-02 BC-05 BC-06 BC-07 BC-10 BC-11,readme-contract-v1-draft->readme-contract-v1,None->1,1->2,independent_review section_authoring source_reconciliation targeted_repair,INVALIDATED,facts reconciliation presentation authoring validator reviewer,False,11,BC-04 BC-06 BC-07,BC-04 BC-06,UPDATE_RECOMPOSE
aspose-pdf-foss__Aspose.PDF-FOSS-for-Java,db2d3f0622f035825419c6d46727022064f39f15,READY_FOR_PROPOSAL,2026-09-25T08:50:09Z,10,12->30,24->30,12->18,same,3->15,BC-02 BC-05 BC-06 BC-07 BC-10 BC-11,readme-contract-v1-draft->readme-contract-v1,None->1,1->2,independent_review section_authoring source_reconciliation targeted_repair,INVALIDATED,facts reconciliation presentation authoring validator reviewer,False,21,BC-04 BC-06 BC-07,BC-04 BC-06,UPDATE_RECOMPOSE
aspose-slides-foss__Aspose.Slides-FOSS-for-.NET,86c441b5d81e707f2ea9e01b197dbb6ff7a3859b,READY_FOR_PROPOSAL,2026-10-04T11:11:58Z,10,17->30,25->30,14->18,same,4->15,BC-02 BC-05 BC-06 BC-07 BC-10 BC-11,same,same,1->2,independent_review section_authoring source_reconciliation targeted_repair,INVALIDATED,facts reconciliation presentation authoring validator reviewer,False,4,BC-04 BC-05 BC-06 BC-07 BC-12,BC-04 BC-05 BC-06 BC-12,UPDATE_RECOMPOSE
aspose-slides-foss__Aspose.Slides-FOSS-for-Cpp,c41f8dddc499fb0058fc9557cb364d70fbd3cef1,READY_FOR_PROPOSAL,2026-10-04T13:12:54Z,10,18->30,25->30,14->18,same,4->15,BC-02 BC-05 BC-06 BC-07 BC-10 BC-11,same,same,1->2,independent_review section_authoring source_reconciliation targeted_repair,INVALIDATED,facts reconciliation presentation authoring validator reviewer,False,4,BC-04 BC-06 BC-12,BC-04 BC-06 BC-12,UPDATE_RECOMPOSE
aspose-slides-foss__Aspose.Slides-FOSS-for-Java,620a2614418854b4a18966a361e6907ddc88c7cb,VALID_UPDATE_AVAILABLE,2026-09-23T15:27:37Z,10,11->30,24->30,11->18,same,3->15,BC-02 BC-05 BC-06 BC-07 BC-10 BC-11,readme-contract-v1-draft->readme-contract-v1,None->1,1->2,independent_review section_authoring source_reconciliation targeted_repair,INVALIDATED,facts reconciliation presentation authoring validator reviewer,False,27,BC-04 BC-06 BC-07,BC-04,UPDATE_RECOMPOSE
aspose-slides-foss__Aspose.Slides-FOSS-for-Python,becd199a776682785768c60c778558d975b0c2f9,READY_FOR_PROPOSAL,2026-09-09T20:15:48Z,13,2->30,18->30,2->18,5->6,3->15,BC-02 BC-04 BC-05 BC-06 BC-07 BC-08 BC-10 BC-11,readme-contract-v1-draft->readme-contract-v1,None->1,None->2,independent_review presentation_planning section_authoring source_reconciliation targeted_repair,VALID_UPDATE_AVAILABLE,reconciliation presentation planning authoring validator reviewer,False,36,BC-07,,UPDATE_RERENDER_ONLY
aspose-words-foss__Aspose.Words-FOSS-for-.NET,0d3f1add920f5294d726b4f286c2d6ba7c3ae22c,READY_FOR_PROPOSAL,2026-09-28T09:47:08Z,10,17->30,24->30,13->18,same,3->15,BC-02 BC-05 BC-06 BC-07 BC-10 BC-11,readme-contract-v1-draft->readme-contract-v1,None->1,1->2,independent_review section_authoring source_reconciliation targeted_repair,INVALIDATED,facts reconciliation presentation authoring validator reviewer,False,4,BC-04 BC-05 BC-06 BC-07,BC-04 BC-05 BC-06,UPDATE_RECOMPOSE
aspose-words-foss__Aspose.Words-FOSS-for-Python,2d2efee2787cb9e56d071d17f8d7b740dce8b784,READY_FOR_PROPOSAL,2026-09-25T07:17:07Z,10,12->30,24->30,12->18,same,3->15,BC-02 BC-05 BC-06 BC-07 BC-10 BC-11,readme-contract-v1-draft->readme-contract-v1,None->1,1->2,independent_review section_authoring source_reconciliation targeted_repair,INVALIDATED,facts reconciliation presentation authoring validator reviewer,False,2,BC-04 BC-05 BC-07,BC-04 BC-05,UPDATE_RECOMPOSE
